{"cameraMode":{"drawMode":0,"name":"Shaded","section":"Shading Mode"},"sceneLighting":false,"audioPlay":false,"sceneViewState":{"m_AlwaysRefresh":false,"showFog":true,"showSkybox":true,"showFlares":true,"showImageEffects":true,"showParticleSystems":true,"showVisualEffectGraphs":true,"m_FxEnabled":false},"in2DMode":false,"pivot":{"x":18.26589012145996,"y":3.051621198654175,"z":52.78699493408203},"rotation":{"x":-0.021667879074811937,"y":0.7933467030525208,"z":0.028352580964565278,"w":0.6077772974967957},"size":1.7322509288787842,"orthographic":true}